{
    "mdp": {
        "12": {
            "episodes": [
                [
                    0,
                    14,
                    306.5999999999998,
                    8.518293857574463
                ],
                [
                    688,
                    45,
                    1325.4999999999995,
                    2.1591649055480957
                ]
            ],
            "treasure": [
                0,
                688
            ],
            "steps": [
                14,
                45
            ],
            "reward": [
                306.5999999999998,
                1325.4999999999995
            ],
            "time": [
                8.518293857574463,
                2.1591649055480957
            ],
            "stats": {
                "treasure": {
                    "mean": 344.0,
                    "std": 344.0,
                    "min": 0.0,
                    "max": 688.0
                },
                "steps": {
                    "mean": 29.5,
                    "std": 15.5,
                    "min": 14.0,
                    "max": 45.0
                },
                "reward": {
                    "mean": 816.0499999999997,
                    "std": 509.4499999999999,
                    "min": 306.5999999999998,
                    "max": 1325.4999999999995
                },
                "time": {
                    "mean": 5.338729381561279,
                    "std": 3.1795644760131836,
                    "min": 2.1591649055480957,
                    "max": 8.518293857574463
                },
                "win_rate": 0.5
            }
        }
    },
    "mcts": {
        "12": {
            "episodes": [
                [
                    424,
                    19,
                    896.0999999999997,
                    1.1238808631896973
                ],
                [
                    586,
                    25,
                    1200.4999999999995,
                    1.425915002822876
                ]
            ],
            "treasure": [
                424,
                586
            ],
            "steps": [
                19,
                25
            ],
            "reward": [
                896.0999999999997,
                1200.4999999999995
            ],
            "time": [
                1.1238808631896973,
                1.425915002822876
            ],
            "stats": {
                "treasure": {
                    "mean": 505.0,
                    "std": 81.0,
                    "min": 424.0,
                    "max": 586.0
                },
                "steps": {
                    "mean": 22.0,
                    "std": 3.0,
                    "min": 19.0,
                    "max": 25.0
                },
                "reward": {
                    "mean": 1048.2999999999997,
                    "std": 152.19999999999993,
                    "min": 896.0999999999997,
                    "max": 1200.4999999999995
                },
                "time": {
                    "mean": 1.2748979330062866,
                    "std": 0.15101706981658936,
                    "min": 1.1238808631896973,
                    "max": 1.425915002822876
                },
                "win_rate": 1.0
            }
        }
    },
    "pomcp": {
        "12": {
            "episodes": [
                [
                    597,
                    37,
                    1240.2999999999997,
                    6.903419733047485
                ],
                [
                    561,
                    9,
                    1171.1,
                    0.9829380512237549
                ]
            ],
            "treasure": [
                597,
                561
            ],
            "steps": [
                37,
                9
            ],
            "reward": [
                1240.2999999999997,
                1171.1
            ],
            "time": [
                6.903419733047485,
                0.9829380512237549
            ],
            "stats": {
                "treasure": {
                    "mean": 579.0,
                    "std": 18.0,
                    "min": 561.0,
                    "max": 597.0
                },
                "steps": {
                    "mean": 23.0,
                    "std": 14.0,
                    "min": 9.0,
                    "max": 37.0
                },
                "reward": {
                    "mean": 1205.6999999999998,
                    "std": 34.59999999999991,
                    "min": 1171.1,
                    "max": 1240.2999999999997
                },
                "time": {
                    "mean": 3.94317889213562,
                    "std": 2.9602408409118652,
                    "min": 0.9829380512237549,
                    "max": 6.903419733047485
                },
                "win_rate": 1.0
            }
        }
    }
}